Längengrad, Breitengrad
13.401722, 52.482643
13.40422, 52.482643
13.406722, 52.482643
13.404722, 52.482643
13.407722, 52.482643