Längengrad, Breitengrad
12.3709577463, 51.3382109483
12.3709541117, 51.3381696136 
12.3709549194, 51.3380741545 
12.3709699118, 51.3378341162 
12.3709776668, 51.3377105017