Längengrad, Breitengrad
8.807617, 53.037443
8.815889, 53.044899